{
  "project_info": {
    "project_number": "574655215724",
    "firebase_url": "https://realtime-db-web-40025.firebaseio.com",
    "project_id": "realtime-db-web-40025",
    "storage_bucket": "realtime-db-web-40025.appspot.com"
  },
  "client": [
    {
      "client_info": {
        "mobilesdk_app_id": "1:574655215724:android:e0054a9de2696eceff4049",
        "android_client_info": {
          "package_name": "com.example.app"
        }
      },
      "oauth_client": [
        {
          "client_id": "574655215724-i3gu3kqpjtaplbscrvs31ab6ilmvqncg.apps.googleusercontent.com",
          "client_type": 3
        }
      ],
      "api_key": [
        {
          "current_key": "AIzaSyD424PbOwqOHQos1S59xN4vbf4DQne-8MI"
        }
      ],
      "services": {
        "appinvite_service": {
          "other_platform_oauth_client": [
            {
              "client_id": "574655215724-i3gu3kqpjtaplbscrvs31ab6ilmvqncg.apps.googleusercontent.com",
              "client_type": 3
            }
          ]
        }
      }
    }
  ],
  "configuration_version": "1"
}